Tube name,Library Name,,i7 index name,i7 index Sequence,i5 Index name,i5 index Sequence
vera,Pv-swga-old,A01,GTseek_005,ACAGTG,384i5_002,TCCTCG
vera,Pv-swga-old,B01,GTseek_005,ACAGTG,384i5_004,GTGATT
vera,Pv-swga-old,C01,GTseek_005,ACAGTG,384i5_006,GACTTG
vera,Pv-swga-old,D01,GTseek_005,ACAGTG,384i5_008,GAGGTA
vera,Pv-swga-old,E01,GTseek_005,ACAGTG,384i5_010,CGAGTT
vera,Pv-swga-old,F01,GTseek_005,ACAGTG,384i5_012,GATGCA
vera,Pv-swga-old,A02,GTseek_005,ACAGTG,384i5_018,GGTCGG
vera,Pv-swga-old,B02,GTseek_005,ACAGTG,384i5_020,TTGACT
vera,Pv-swga-old,C02,GTseek_005,ACAGTG,384i5_022,GCTGGT
vera,Pv-swga-old,D02,GTseek_005,ACAGTG,384i5_024,GTTCCA
vera,Pv-swga-old,E02,GTseek_005,ACAGTG,384i5_026,CATAGG
vera,Pv-swga-old,F02,GTseek_005,ACAGTG,384i5_028,CACTGT
vera,Pv-swga-old,A03,GTseek_005,ACAGTG,384i5_034,CGGTTG
vera,Pv-swga-old,B03,GTseek_005,ACAGTG,384i5_036,CCTTGT
vera,Pv-swga-old,C03,GTseek_005,ACAGTG,384i5_038,GTAGTT
vera,Pv-swga-old,D03,GTseek_005,ACAGTG,384i5_040,GCTTGC
vera,Pv-swga-old,E03,GTseek_005,ACAGTG,384i5_042,GTCGCA
vera,Pv-swga-old,F03,GTseek_005,ACAGTG,384i5_044,GCCTGA
vera,Pv-swga-old,A04,GTseek_005,ACAGTG,384i5_050,AGTGCC
vera,Pv-swga-old,B04,GTseek_005,ACAGTG,384i5_052,TAACAG
vera,Pv-swga-old,C04,GTseek_005,ACAGTG,384i5_054,ATTGAC
vera,Pv-swga-old,D04,GTseek_005,ACAGTG,384i5_056,TCTCAT
vera,Pv-swga-old,E04,GTseek_005,ACAGTG,384i5_058,ATGTCA
vera,Pv-swga-old,F04,GTseek_005,ACAGTG,384i5_060,TGAATT
vera,Pv-swga-old,A05,GTseek_005,ACAGTG,384i5_066,CAACTA
vera,Pv-swga-old,B05,GTseek_005,ACAGTG,384i5_068,GCCTAC
vera,Pv-swga-old,C05,GTseek_005,ACAGTG,384i5_070,CCGCTA
vera,Pv-swga-old,D05,GTseek_005,ACAGTG,384i5_072,ACGCGG
vera,Pv-swga-old,E05,GTseek_005,ACAGTG,384i5_074,CACTTA
vera,Pv-swga-old,F05,GTseek_005,ACAGTG,384i5_076,GTAGAC
vera,Pv-swga-old,A06,GTseek_005,ACAGTG,384i5_082,AACTCC
vera,Pv-swga-old,B06,GTseek_005,ACAGTG,384i5_084,GACCGC
vera,Pv-swga-old,C06,GTseek_005,ACAGTG,384i5_086,TAACTT
vera,Pv-swga-old,D06,GTseek_005,ACAGTG,384i5_088,CTCAGG
vera,Pv-swga-old,E06,GTseek_005,ACAGTG,384i5_090,CTTGGT
vera,Pv-swga-old,F06,GTseek_005,ACAGTG,384i5_092,TGAGAT
vera,Pv-swga-old,A07,GTseek_005,ACAGTG,384i5_098,TTATCT
vera,Pv-swga-old,B07,GTseek_005,ACAGTG,384i5_100,CTCGAG
vera,Pv-swga-old,C07,GTseek_005,ACAGTG,384i5_102,TCCACC
vera,Pv-swga-old,D07,GTseek_005,ACAGTG,384i5_104,CATTCC
vera,Pv-swga-old,E07,GTseek_005,ACAGTG,384i5_106,TTGCTT
vera,Pv-swga-old,F07,GTseek_005,ACAGTG,384i5_108,TGGAGT
vera,Pv-swga-old,A08,GTseek_005,ACAGTG,384i5_114,CAGAAC
vera,Pv-swga-old,B08,GTseek_005,ACAGTG,384i5_116,TTCGTT
vera,Pv-swga-old,C08,GTseek_005,ACAGTG,384i5_118,GGCAGC
vera,Pv-swga-old,D08,GTseek_005,ACAGTG,384i5_120,CGACAT
vera,Pv-swga-old,E08,GTseek_005,ACAGTG,384i5_122,CCTGTT
vera,Pv-swga-old,F08,GTseek_005,ACAGTG,384i5_124,AGACCA
vera,Pv-swga-old,A09,GTseek_005,ACAGTG,384i5_130,ACTACC
vera,Pv-swga-old,B09,GTseek_005,ACAGTG,384i5_132,CATGCG
vera,Pv-swga-old,C09,GTseek_005,ACAGTG,384i5_134,ACAGTC
vera,Pv-swga-old,D09,GTseek_005,ACAGTG,384i5_136,AACTAG
vera,Pv-swga-old,E09,GTseek_005,ACAGTG,384i5_138,GCTGTC
vera,Pv-swga-old,A10,GTseek_005,ACAGTG,384i5_146,TCGGTA
vera,Pv-swga-old,B10,GTseek_005,ACAGTG,384i5_148,CGGACA
vera,Pv-swga-old,C10,GTseek_005,ACAGTG,384i5_150,CGAACT
vera,Pv-swga-old,D10,GTseek_005,ACAGTG,384i5_152,TATTGG
vera,Pv-swga-old,E10,GTseek_005,ACAGTG,384i5_154,ACGGAA
vera,Pv-swga-old,A11,GTseek_005,ACAGTG,384i5_162,TTCTCA
vera,Pv-swga-old,B11,GTseek_005,ACAGTG,384i5_164,TACATC
vera,Pv-swga-old,C11,GTseek_005,ACAGTG,384i5_166,TCACGA
vera,Pv-swga-old,D11,GTseek_005,ACAGTG,384i5_168,TGTGAG
vera,Pv-swga-old,E11,GTseek_005,ACAGTG,384i5_170,GAACAC
vera,Pv-swga-old,A12,GTseek_005,ACAGTG,384i5_178,GGTTCC
vera,Pv-swga-old,B12,GTseek_005,ACAGTG,384i5_180,GTTGAT
vera,Pv-swga-old,C12,GTseek_005,ACAGTG,384i5_182,GTGAAC
vera,Pv-swga-old,D12,GTseek_005,ACAGTG,384i5_184,CAGCGC
vera,Pv-swga-old,E12,GTseek_005,ACAGTG,384i5_186,GTGCTC
vera,Pv-swga-new,A01,GTseek_007,CAGATC,384i5_002,TCCTCG
vera,Pv-swga-new,B01,GTseek_007,CAGATC,384i5_004,GTGATT
vera,Pv-swga-new,C01,GTseek_007,CAGATC,384i5_006,GACTTG
vera,Pv-swga-new,D01,GTseek_007,CAGATC,384i5_008,GAGGTA
vera,Pv-swga-new,E01,GTseek_007,CAGATC,384i5_010,CGAGTT
vera,Pv-swga-new,F01,GTseek_007,CAGATC,384i5_012,GATGCA
vera,Pv-swga-new,G01,GTseek_007,CAGATC,384i5_014,ATACTG
vera,Pv-swga-new,H01,GTseek_007,CAGATC,384i5_016,GATGTT
vera,Pv-swga-new,A02,GTseek_007,CAGATC,384i5_018,GGTCGG
vera,Pv-swga-new,B02,GTseek_007,CAGATC,384i5_020,TTGACT
vera,Pv-swga-new,C02,GTseek_007,CAGATC,384i5_022,GCTGGT
vera,Pv-swga-new,D02,GTseek_007,CAGATC,384i5_024,GTTCCA
vera,Pv-swga-new,E02,GTseek_007,CAGATC,384i5_026,CATAGG
vera,Pv-swga-new,F02,GTseek_007,CAGATC,384i5_028,CACTGT
vera,Pv-swga-new,G02,GTseek_007,CAGATC,384i5_030,GACGGT
vera,Pv-swga-new,H02,GTseek_007,CAGATC,384i5_032,CAGATG
vera,Pv-swga-new,A03,GTseek_007,CAGATC,384i5_034,CGGTTG
vera,Pv-swga-new,B03,GTseek_007,CAGATC,384i5_036,CCTTGT
vera,Pv-swga-new,C03,GTseek_007,CAGATC,384i5_038,GTAGTT
vera,Pv-swga-new,D03,GTseek_007,CAGATC,384i5_040,GCTTGC
vera,Pv-swga-new,E03,GTseek_007,CAGATC,384i5_042,GTCGCA
vera,Pv-swga-new,F03,GTseek_007,CAGATC,384i5_044,GCCTGA
vera,Pv-swga-new,G03,GTseek_007,CAGATC,384i5_046,AGATGG
vera,Pv-swga-new,H03,GTseek_007,CAGATC,384i5_048,CGTCAG
vera,Pv-swga-new,A04,GTseek_007,CAGATC,384i5_050,AGTGCC
vera,Pv-swga-new,B04,GTseek_007,CAGATC,384i5_052,TAACAG
vera,Pv-swga-new,C04,GTseek_007,CAGATC,384i5_054,ATTGAC
vera,Pv-swga-new,D04,GTseek_007,CAGATC,384i5_056,TCTCAT
vera,Pv-swga-new,E04,GTseek_007,CAGATC,384i5_058,ATGTCA
vera,Pv-swga-new,F04,GTseek_007,CAGATC,384i5_060,TGAATT
vera,Pv-swga-new,G04,GTseek_007,CAGATC,384i5_062,TGACTG
vera,Pv-swga-new,A05,GTseek_007,CAGATC,384i5_066,CAACTA
vera,Pv-swga-new,B05,GTseek_007,CAGATC,384i5_068,GCCTAC
vera,Pv-swga-new,C05,GTseek_007,CAGATC,384i5_070,CCGCTA
vera,Pv-swga-new,D05,GTseek_007,CAGATC,384i5_072,ACGCGG
vera,Pv-swga-new,E05,GTseek_007,CAGATC,384i5_074,CACTTA
vera,Pv-swga-new,F05,GTseek_007,CAGATC,384i5_076,GTAGAC
vera,Pv-swga-new,A06,GTseek_007,CAGATC,384i5_082,AACTCC
vera,Pv-swga-new,B06,GTseek_007,CAGATC,384i5_084,GACCGC
vera,Pv-swga-new,C06,GTseek_007,CAGATC,384i5_086,TAACTT
vera,Pv-swga-new,D06,GTseek_007,CAGATC,384i5_088,CTCAGG
vera,Pv-swga-new,E06,GTseek_007,CAGATC,384i5_090,CTTGGT
vera,Pv-swga-new,F06,GTseek_007,CAGATC,384i5_092,TGAGAT
vera,Pv-swga-new,A07,GTseek_007,CAGATC,384i5_098,TTATCT
vera,Pv-swga-new,B07,GTseek_007,CAGATC,384i5_100,CTCGAG
vera,Pv-swga-new,C07,GTseek_007,CAGATC,384i5_102,TCCACC
vera,Pv-swga-new,D07,GTseek_007,CAGATC,384i5_104,CATTCC
vera,Pv-swga-new,E07,GTseek_007,CAGATC,384i5_106,TTGCTT
vera,Pv-swga-new,F07,GTseek_007,CAGATC,384i5_108,TGGAGT
vera,Pv-swga-new,A08,GTseek_007,CAGATC,384i5_114,CAGAAC
vera,Pv-swga-new,B08,GTseek_007,CAGATC,384i5_116,TTCGTT
vera,Pv-swga-new,C08,GTseek_007,CAGATC,384i5_118,GGCAGC
vera,Pv-swga-new,D08,GTseek_007,CAGATC,384i5_120,CGACAT
vera,Pv-swga-new,E08,GTseek_007,CAGATC,384i5_122,CCTGTT
vera,Pv-swga-new,F08,GTseek_007,CAGATC,384i5_124,AGACCA
vera,Pv-swga-new,A09,GTseek_007,CAGATC,384i5_130,ACTACC
vera,Pv-swga-new,B09,GTseek_007,CAGATC,384i5_132,CATGCG
vera,Pv-swga-new,C09,GTseek_007,CAGATC,384i5_134,ACAGTC
vera,Pv-swga-new,D09,GTseek_007,CAGATC,384i5_136,AACTAG
vera,Pv-swga-new,E09,GTseek_007,CAGATC,384i5_138,GCTGTC
vera,Pv-swga-new,A10,GTseek_007,CAGATC,384i5_146,TCGGTA
vera,Pv-swga-new,B10,GTseek_007,CAGATC,384i5_148,CGGACA
vera,Pv-swga-new,C10,GTseek_007,CAGATC,384i5_150,CGAACT
vera,Pv-swga-new,D10,GTseek_007,CAGATC,384i5_152,TATTGG
vera,Pv-swga-new,E10,GTseek_007,CAGATC,384i5_154,ACGGAA
vera,Pv-swga-new,A11,GTseek_007,CAGATC,384i5_162,TTCTCA
vera,Pv-swga-new,B11,GTseek_007,CAGATC,384i5_164,TACATC
vera,Pv-swga-new,C11,GTseek_007,CAGATC,384i5_166,TCACGA
vera,Pv-swga-new,D11,GTseek_007,CAGATC,384i5_168,TGTGAG
vera,Pv-swga-new,E11,GTseek_007,CAGATC,384i5_170,GAACAC
vera,Pv-swga-new,A12,GTseek_007,CAGATC,384i5_178,GGTTCC
vera,Pv-swga-new,B12,GTseek_007,CAGATC,384i5_180,GTTGAT
vera,Pv-swga-new,C12,GTseek_007,CAGATC,384i5_182,GTGAAC
vera,Pv-swga-new,D12,GTseek_007,CAGATC,384i5_184,CAGCGC
vera,Pv-swga-new,E12,GTseek_007,CAGATC,384i5_186,GTGCTC
